Workbook

Sheet counts
A1: 0hr | B1: Condition | C1: Rep | D1: 4hr total | E1: 4hr viable | F1: 8hr total | G1: 8hr viable | H1: 24hr total | I1: 24hr viable | J1: 48 hr total | K1: 48 hr viable | L1: 79 hr total | M1: 79 hr viable | N1: 96 hr total | O1: 96 hr viable | P1: 171hr total | Q1: 171hr viable
A2: .410M | B2: DMSO | C2: a | D2: 0.242 | E2: 0.239 | F2: 0.298 | G2: 0.294 | H2: 0.427 | I2: 0.423 | J2: 0.373 | K2: 0.369 | L2: 0.601 | M2: 0.582 | N2: 0.518 | O2: 0.501 | P2: 0.447 | Q2: 0.388
B3: DMSO | C3: b | D3: 0.247 | E3: 0.242 | F3: 0.259 | G3: 0.256 | H3: 0.385 | I3: 0.381 | J3: 0.352 | K3: 0.347 | L3: 0.574 | M3: 0.556 | N3: 0.455 | O3: 0.437 | P3: 0.401 | Q3: 0.355
B4: TAZ | C4: a | D4: 0.223 | E4: 0.217 | F4: 0.263 | G4: 0.258 | H4: 0.39 | I4: 0.382 | J4: 0.357 | K4: 0.347 | L4: 0.537 | M4: 0.515 | N4: 0.385 | O4: 0.359 | P4: 0.411 | Q4: 0.376
B5: TAZ | C5: b | D5: 0.246 | E5: 0.242 | F5: 0.274 | G5: 0.269 | H5: 0.409 | I5: 0.404 | J5: 0.318 | K5: 0.307 | L5: 0.562 | M5: 0.533 | N5: 0.387 | O5: 0.364 | P5: 0.447 | Q5: 0.413
B6: EED | C6: a | D6: 0.225 | E6: 0.221 | F6: 0.254 | G6: 0.25 | H6: 0.409 | I6: 0.403 | J6: 0.344 | K6: 0.335 | L6: 0.553 | M6: 0.532 | N6: 0.448 | O6: 0.425 | P6: 0.499 | Q6: 0.462
B7: EED | C7: b | D7: 0.248 | E7: 0.24 | F7: 0.27 | G7: 0.261 | H7: 0.389 | I7: 0.38 | J7: 0.365 | K7: 0.356 | L7: 0.543 | M7: 0.523 | N7: 0.388 | O7: 0.369 | P7: 0.519 | Q7: 0.481
B8: UTX | C8: a | D8: 0.244 | E8: 0.239 | F8: 0.241 | G8: 0.235 | H8: 0.292 | I8: 0.289 | J8: 0.144 | K8: 0.137 | L8: 0.259 | M8: 0.204 | N8: 0.3 | O8: 0.161 | P8: 0.118 | Q8: 0.01
B9: UTX | C9: b | D9: 0.199 | E9: 0.195 | F9: 0.232 | G9: 0.229 | H9: 0.278 | I9: 0.277 | J9: 0.14 | K9: 0.132 | L9: 0.272 | M9: 0.21 | N9: 0.283 | O9: 0.164 | P9: 0.125 | Q9: 0.011
A10: Dilution corrected | B10: DMSO | C10: a | D10: =D2*2 -> 0.484 | E10: =E2*2 -> 0.478 | F10: =F2*2 -> 0.596 | G10: =G2*2 -> 0.588 | H10: =H2*2 -> 0.854 | I10: =I2*2 -> 0.846 | J10: =J2*4 -> 1.492 | K10: =K2*4 -> 1.476 | L10: =L2*4 -> 2.404 | M10: =M2*4 -> 2.328 | N10: =N2*8 -> 4.144 | O10: =O2*8 -> 4.008 | P10: =P2*8*4 -> 14.304 | Q10: =Q2*8*4 -> 12.416
B11: DMSO | C11: b | D11: =D3*2 -> 0.494 | E11: =E3*2 -> 0.484 | F11: =F3*2 -> 0.518 | G11: =G3*2 -> 0.512 | H11: =H3*2 -> 0.77 | I11: =I3*2 -> 0.762 | J11: =J3*4 -> 1.408 | K11: =K3*4 -> 1.388 | L11: =L3*4 -> 2.296 | M11: =M3*4 -> 2.224 | N11: =N3*8 -> 3.64 | O11: =O3*8 -> 3.496 | P11: =P3*8*4 -> 12.832 | Q11: =Q3*8*4 -> 11.36
B12: TAZ | C12: a | D12: =D4*2 -> 0.446 | E12: =E4*2 -> 0.434 | F12: =F4*2 -> 0.526 | G12: =G4*2 -> 0.516 | H12: =H4*2 -> 0.78 | I12: =I4*2 -> 0.764 | J12: =J4*4 -> 1.428 | K12: =K4*4 -> 1.388 | L12: =L4*4 -> 2.148 | M12: =M4*4 -> 2.06 | N12: =N4*8 -> 3.08 | O12: =O4*8 -> 2.872 | P12: =P4*8*4 -> 13.152 | Q12: =Q4*8*4 -> 12.032
B13: TAZ | C13: b | D13: =D5*2 -> 0.492 | E13: =E5*2 -> 0.484 | F13: =F5*2 -> 0.548 | G13: =G5*2 -> 0.538 | H13: =H5*2 -> 0.818 | I13: =I5*2 -> 0.808 | J13: =J5*4 -> 1.272 | K13: =K5*4 -> 1.228 | L13: =L5*4 -> 2.248 | M13: =M5*4 -> 2.132 | N13: =N5*8 -> 3.096 | O13: =O5*8 -> 2.912 | P13: =P5*8*4 -> 14.304 | Q13: =Q5*8*4 -> 13.216
B14: EED | C14: a | D14: =D6*2 -> 0.45 | E14: =E6*2 -> 0.442 | F14: =F6*2 -> 0.508 | G14: =G6*2 -> 0.5 | H14: =H6*2 -> 0.818 | I14: =I6*2 -> 0.806 | J14: =J6*4 -> 1.376 | K14: =K6*4 -> 1.34 | L14: =L6*4 -> 2.212 | M14: =M6*4 -> 2.128 | N14: =N6*8 -> 3.584 | O14: =O6*8 -> 3.4 | P14: =P6*8*4 -> 15.968 | Q14: =Q6*8*4 -> 14.784
B15: EED | C15: b | D15: =D7*2 -> 0.496 | E15: =E7*2 -> 0.48 | F15: =F7*2 -> 0.54 | G15: =G7*2 -> 0.522 | H15: =H7*2 -> 0.778 | I15: =I7*2 -> 0.76 | J15: =J7*4 -> 1.46 | K15: =K7*4 -> 1.424 | L15: =L7*4 -> 2.172 | M15: =M7*4 -> 2.092 | N15: =N7*8 -> 3.104 | O15: =O7*8 -> 2.952 | P15: =P7*8*4 -> 16.608 | Q15: =Q7*8*4 -> 15.392
B16: UTX | C16: a | D16: =D8*2 -> 0.488 | E16: =E8*2 -> 0.478 | F16: =F8*2 -> 0.482 | G16: =G8*2 -> 0.47 | H16: =H8*2 -> 0.584 | I16: =I8*2 -> 0.578 | J16: =J8*4 -> 0.576 | K16: =K8*4 -> 0.548 | L16: =L8*2 -> 0.518 | M16: =M8*2 -> 0.408 | N16: =N8*2 -> 0.6 | O16: =O8*2 -> 0.322 | P16: =P8*4 -> 0.472 | Q16: =Q8*4 -> 0.04
B17: UTX | C17: b | D17: =D9*2 -> 0.398 | E17: =E9*2 -> 0.39 | F17: =F9*2 -> 0.464 | G17: =G9*2 -> 0.458 | H17: =H9*2 -> 0.556 | I17: =I9*2 -> 0.554 | J17: =J9*4 -> 0.56 | K17: =K9*4 -> 0.528 | L17: =L9*2 -> 0.544 | M17: =M9*2 -> 0.42 | N17: =N9*2 -> 0.566 | O17: =O9*2 -> 0.328 | P17: =P9*4 -> 0.5 | Q17: =Q9*4 -> 0.044
A18: uL per 30k | B18: DMSO | C18: a | D18: =0.025/(D2*2)*1000 -> 51.652893 | E18: =0.025/(E2*2)*1000 -> 52.301255 | F18: =0.025/(F2*2)*1000 -> 41.946309 | G18: =0.025/(G2*2)*1000 -> 42.517007 | H18: =0.025/(H2*2)*1000 -> 29.274005 | I18: =0.025/(I2*2)*1000 -> 29.550827 | J18: =0.025/(J2*2)*1000 -> 33.512064 | K18: =0.025/(K2*2)*1000 -> 33.875339 | L18: =0.025/(L2)*1000 -> 41.597338 | M18: =0.025/(M2)*1000 -> 42.955326 | N18: =0.025/(N2)*1000 -> 48.262548 | O18: =0.025/(O2)*1000 -> 49.9002
B19: DMSO | C19: b | D19: =0.025/(D3*2)*1000 -> 50.607287 | E19: =0.025/(E3*2)*1000 -> 51.652893 | F19: =0.025/(F3*2)*1000 -> 48.262548 | G19: =0.025/(G3*2)*1000 -> 48.828125 | H19: =0.025/(H3*2)*1000 -> 32.467532 | I19: =0.025/(I3*2)*1000 -> 32.808399 | J19: =0.025/(J3*2)*1000 -> 35.511364 | K19: =0.025/(K3*2)*1000 -> 36.023055 | L19: =0.025/(L3)*1000 -> 43.554007 | M19: =0.025/(M3)*1000 -> 44.964029 | N19: =0.025/(N3)*1000 -> 54.945055 | O19: =0.025/(O3)*1000 -> 57.208238
B20: TAZ | C20: a | D20: =0.025/(D4*2)*1000 -> 56.053812 | E20: =0.025/(E4*2)*1000 -> 57.603687 | F20: =0.025/(F4*2)*1000 -> 47.528517 | G20: =0.025/(G4*2)*1000 -> 48.449612 | H20: =0.025/(H4*2)*1000 -> 32.051282 | I20: =0.025/(I4*2)*1000 -> 32.722513 | J20: =0.025/(J4*2)*1000 -> 35.014006 | K20: =0.025/(K4*2)*1000 -> 36.023055 | L20: =0.025/(L4)*1000 -> 46.554935 | M20: =0.025/(M4)*1000 -> 48.543689 | N20: =0.025/(N4)*1000 -> 64.935065 | O20: =0.025/(O4)*1000 -> 69.637883
B21: TAZ | C21: b | D21: =0.025/(D5*2)*1000 -> 50.813008 | E21: =0.025/(E5*2)*1000 -> 51.652893 | F21: =0.025/(F5*2)*1000 -> 45.620438 | G21: =0.025/(G5*2)*1000 -> 46.468401 | H21: =0.025/(H5*2)*1000 -> 30.562347 | I21: =0.025/(I5*2)*1000 -> 30.940594 | J21: =0.025/(J5*2)*1000 -> 39.308176 | K21: =0.025/(K5*2)*1000 -> 40.716612 | L21: =0.025/(L5)*1000 -> 44.483986 | M21: =0.025/(M5)*1000 -> 46.904315 | N21: =0.025/(N5)*1000 -> 64.599483 | O21: =0.025/(O5)*1000 -> 68.681319
B22: EED | C22: a | D22: =0.025/(D6*2)*1000 -> 55.555556 | E22: =0.025/(E6*2)*1000 -> 56.561086 | F22: =0.025/(F6*2)*1000 -> 49.212598 | G22: =0.025/(G6*2)*1000 -> 50 | H22: =0.025/(H6*2)*1000 -> 30.562347 | I22: =0.025/(I6*2)*1000 -> 31.01737 | J22: =0.025/(J6*2)*1000 -> 36.337209 | K22: =0.025/(K6*2)*1000 -> 37.313433 | L22: =0.025/(L6)*1000 -> 45.207957 | M22: =0.025/(M6)*1000 -> 46.992481 | N22: =0.025/(N6)*1000 -> 55.803571 | O22: =0.025/(O6)*1000 -> 58.823529
B23: EED | C23: b | D23: =0.025/(D7*2)*1000 -> 50.403226 | E23: =0.025/(E7*2)*1000 -> 52.083333 | F23: =0.025/(F7*2)*1000 -> 46.296296 | G23: =0.025/(G7*2)*1000 -> 47.89272 | H23: =0.025/(H7*2)*1000 -> 32.133676 | I23: =0.025/(I7*2)*1000 -> 32.894737 | J23: =0.025/(J7*2)*1000 -> 34.246575 | K23: =0.025/(K7*2)*1000 -> 35.11236 | L23: =0.025/(L7)*1000 -> 46.040516 | M23: =0.025/(M7)*1000 -> 47.801147 | N23: =0.025/(N7)*1000 -> 64.43299 | O23: =0.025/(O7)*1000 -> 67.750678
B24: UTX | C24: a | D24: =0.025/(D8*2)*1000 -> 51.229508 | E24: =0.025/(E8*2)*1000 -> 52.301255 | F24: =0.025/(F8*2)*1000 -> 51.86722 | G24: =0.025/(G8*2)*1000 -> 53.191489 | H24: =0.025/(H8*2)*1000 -> 42.808219 | I24: =0.025/(I8*2)*1000 -> 43.252595 | J24: =0.025/(J8*2)*1000 -> 86.805556 | K24: =0.025/(K8*2)*1000 -> 91.240876 | L24: =0.025/(L8)*1000 -> 96.525097 | M24: =0.025/(M8)*1000 -> 122.54902 | N24: =0.025/(N8)*1000 -> 83.333333 | O24: =0.025/(O8)*1000 -> 155.2795
B25: UTX | C25: b | D25: =0.025/(D9*2)*1000 -> 62.81407 | E25: =0.025/(E9*2)*1000 -> 64.102564 | F25: =0.025/(F9*2)*1000 -> 53.87931 | G25: =0.025/(G9*2)*1000 -> 54.585153 | H25: =0.025/(H9*2)*1000 -> 44.964029 | I25: =0.025/(I9*2)*1000 -> 45.126354 | J25: =0.025/(J9*2)*1000 -> 89.285714 | K25: =0.025/(K9*2)*1000 -> 94.69697 | L25: =0.025/(L9)*1000 -> 91.911765 | M25: =0.025/(M9)*1000 -> 119.04762 | N25: =0.025/(N9)*1000 -> 88.339223 | O25: =0.025/(O9)*1000 -> 152.43902
A26: time | E26: 4 | G26: 8 | I26: 24 | K26: 48 | M26: 79 | O26: 96 | Q26: 171

Sheet viability
A1: 4hr viability | B1: 8hr viability | C1: 24hr viability | D1: 48hr viability | E1: 79hr viability | F1: 96hr viability | G1: 171hr viability
A2: =counts!E2/counts!D2 -> 0.98760331 | B2: =counts!G2/counts!F2 -> 0.98657718 | C2: =counts!I2/counts!H2 -> 0.99063232 | D2: =counts!K2/counts!J2 -> 0.98927614 | E2: =counts!M2/counts!L2 -> 0.96838602 | F2: =counts!O2/counts!N2 -> 0.96718147 | G2: =counts!Q2/counts!P2 -> 0.86800895
A3: =counts!E3/counts!D3 -> 0.97975709 | B3: =counts!G3/counts!F3 -> 0.98841699 | C3: =counts!I3/counts!H3 -> 0.98961039 | D3: =counts!K3/counts!J3 -> 0.98579545 | E3: =counts!M3/counts!L3 -> 0.96864111 | F3: =counts!O3/counts!N3 -> 0.96043956 | G3: =counts!Q3/counts!P3 -> 0.88528678
A4: =counts!E4/counts!D4 -> 0.97309417 | B4: =counts!G4/counts!F4 -> 0.98098859 | C4: =counts!I4/counts!H4 -> 0.97948718 | D4: =counts!K4/counts!J4 -> 0.9719888 | E4: =counts!M4/counts!L4 -> 0.95903166 | F4: =counts!O4/counts!N4 -> 0.93246753 | G4: =counts!Q4/counts!P4 -> 0.91484185
A5: =counts!E5/counts!D5 -> 0.98373984 | B5: =counts!G5/counts!F5 -> 0.98175182 | C5: =counts!I5/counts!H5 -> 0.98777506 | D5: =counts!K5/counts!J5 -> 0.96540881 | E5: =counts!M5/counts!L5 -> 0.94839858 | F5: =counts!O5/counts!N5 -> 0.94056848 | G5: =counts!Q5/counts!P5 -> 0.92393736
A6: =counts!E6/counts!D6 -> 0.98222222 | B6: =counts!G6/counts!F6 -> 0.98425197 | C6: =counts!I6/counts!H6 -> 0.98533007 | D6: =counts!K6/counts!J6 -> 0.97383721 | E6: =counts!M6/counts!L6 -> 0.96202532 | F6: =counts!O6/counts!N6 -> 0.94866071 | G6: =counts!Q6/counts!P6 -> 0.9258517
A7: =counts!E7/counts!D7 -> 0.96774194 | B7: =counts!G7/counts!F7 -> 0.96666667 | C7: =counts!I7/counts!H7 -> 0.97686375 | D7: =counts!K7/counts!J7 -> 0.97534247 | E7: =counts!M7/counts!L7 -> 0.96316759 | F7: =counts!O7/counts!N7 -> 0.95103093 | G7: =counts!Q7/counts!P7 -> 0.92678227
A8: =counts!E8/counts!D8 -> 0.9795082 | B8: =counts!G8/counts!F8 -> 0.97510373 | C8: =counts!I8/counts!H8 -> 0.98972603 | D8: =counts!K8/counts!J8 -> 0.95138889 | E8: =counts!M8/counts!L8 -> 0.78764479 | F8: =counts!O8/counts!N8 -> 0.53666667 | G8: =counts!Q8/counts!P8 -> 0.084745763
A9: =counts!E9/counts!D9 -> 0.9798995 | B9: =counts!G9/counts!F9 -> 0.98706897 | C9: =counts!I9/counts!H9 -> 0.99640288 | D9: =counts!K9/counts!J9 -> 0.94285714 | E9: =counts!M9/counts!L9 -> 0.77205882 | F9: =counts!O9/counts!N9 -> 0.5795053 | G9: =counts!Q9/counts!P9 -> 0.088
